{
	"project_info": {
		"project_number": "260548356737",
		"firebase_url": "https://com-factor-messanger.firebaseio.com",
		"project_id": "com-factor-messanger",
		"storage_bucket": "com-factor-messanger.appspot.com"
	},
	"client": [
		{
			"client_info": {
				"mobilesdk_app_id": "1:260548356737:android:55a1d3d585e1f18710bb80",
				"android_client_info": {
					"package_name": "com.factor.messenger"
				}
			},
			"oauth_client": [
				{
					"client_id": "260548356737-ajqvb92rpujdubcn83r1tg5u6kgjesgb.apps.googleusercontent.com",
					"client_type": 1,
					"android_info": {
						"package_name": "com.factor.messenger",
						"certificate_hash": "c96411f9592d21d4af6f4375936dd26c6ae49cf0"
					}
				},
				{
					"client_id": "260548356737-k62utlc9k2i2j97e8varfgk14k3r0ud5.apps.googleusercontent.com",
					"client_type": 3
				}
			],
			"api_key": [
				{
					"current_key": "AIzaSyCM-dm2MBL5xp7h2Ooptuf9ES4xl4mGXlI"
				}
			],
			"services": {
				"appinvite_service": {
					"other_platform_oauth_client": [
						{
							"client_id": "260548356737-k62utlc9k2i2j97e8varfgk14k3r0ud5.apps.googleusercontent.com",
							"client_type": 3
						},
						{
							"client_id": "260548356737-s9dso7e08o7g1aqi7jebfs8ps9i7n39s.apps.googleusercontent.com",
							"client_type": 2,
							"ios_info": {
								"bundle_id": "com.factor.messenger"
							}
						}
					]
				}
			}
		}
	],
	"configuration_version": "1"
}
